postal_code,latitude,longitude,age_group_0,age_group_1,age_group_2,age_group_3,gender_0,gender_1,education_0,education_1,education_2,education_3,education_4,education_5,income_0,income_1,income_2,income_3,income_4,income_5,c_local_y,c_local_n,c_global_y,c_global_n,informed_y,informed_n
M1B,43.805878928136416,-79.20663763702801,2,0,3,1,2,4,1,0,0,1,3,1,2,1,1,0,1,1,0,6,0,6,3,3
M1B,43.805878928136416,-79.20663763702801,2,0,3,1,2,4,1,0,0,1,3,1,2,1,1,0,1,1,0,6,0,6,3,3
M1B,43.805878928136416,-79.20663763702801,2,0,3,1,2,4,1,0,0,1,3,1,2,1,1,0,1,1,0,6,0,6,3,3
M1B,43.805878928136416,-79.20663763702801,2,0,3,1,2,4,1,0,0,1,3,1,2,1,1,0,1,1,0,6,0,6,3,3
M1B,43.805878928136416,-79.20663763702801,2,0,3,1,2,4,1,0,0,1,3,1,2,1,1,0,1,1,0,6,0,6,3,3
M1B,43.805878928136416,-79.20663763702801,2,0,3,1,2,4,1,0,0,1,3,1,2,1,1,0,1,1,0,6,0,6,3,3
M1C,43.796911157601116,-79.10173221757323,1,1,2,0,3,1,0,0,2,1,0,1,1,1,0,2,0,0,3,1,0,4,0,4
M1C,43.796911157601116,-79.10173221757323,1,1,2,0,3,1,0,0,2,1,0,1,1,1,0,2,0,0,3,1,0,4,0,4
M1C,43.796911157601116,-79.10173221757323,1,1,2,0,3,1,0,0,2,1,0,1,1,1,0,2,0,0,3,1,0,4,0,4
M1C,43.796911157601116,-79.10173221757323,1,1,2,0,3,1,0,0,2,1,0,1,1,1,0,2,0,0,3,1,0,4,0,4
M1E,43.76545198902606,-79.1896854595336,3,1,2,3,4,5,3,1,3,1,1,0,2,0,4,2,1,0,7,2,0,9,4,5
M1E,43.76545198902606,-79.1896854595336,3,1,2,3,4,5,3,1,3,1,1,0,2,0,4,2,1,0,7,2,0,9,4,5
M1E,43.76545198902606,-79.1896854595336,3,1,2,3,4,5,3,1,3,1,1,0,2,0,4,2,1,0,7,2,0,9,4,5
M1E,43.76545198902606,-79.1896854595336,3,1,2,3,4,5,3,1,3,1,1,0,2,0,4,2,1,0,7,2,0,9,4,5
M1E,43.76545198902606,-79.1896854595336,3,1,2,3,4,5,3,1,3,1,1,0,2,0,4,2,1,0,7,2,0,9,4,5
M1E,43.76545198902606,-79.1896854595336,3,1,2,3,4,5,3,1,3,1,1,0,2,0,4,2,1,0,7,2,0,9,4,5
M1E,43.76545198902606,-79.1896854595336,3,1,2,3,4,5,3,1,3,1,1,0,2,0,4,2,1,0,7,2,0,9,4,5
M1E,43.76545198902606,-79.1896854595336,3,1,2,3,4,5,3,1,3,1,1,0,2,0,4,2,1,0,7,2,0,9,4,5
M1E,43.76545198902606,-79.1896854595336,3,1,2,3,4,5,3,1,3,1,1,0,2,0,4,2,1,0,7,2,0,9,4,5
M1H,43.7666904,-79.2386376,0,1,1,1,1,2,0,1,2,0,0,0,0,0,1,1,0,1,0,3,0,3,1,2
M1H,43.7666904,-79.2386376,0,1,1,1,1,2,0,1,2,0,0,0,0,0,1,1,0,1,0,3,0,3,1,2
M1H,43.7666904,-79.2386376,0,1,1,1,1,2,0,1,2,0,0,0,0,0,1,1,0,1,0,3,0,3,1,2
M1J,43.74625799086758,-79.23591484018264,0,1,1,0,1,1,1,0,0,0,1,0,0,1,0,0,1,0,0,2,0,2,1,1
M1J,43.74625799086758,-79.23591484018264,0,1,1,0,1,1,1,0,0,0,1,0,0,1,0,0,1,0,0,2,0,2,1,1
M1K,43.72954119318182,-79.26343167613636,2,2,1,1,0,0,1,2,0,1,1,1,1,2,0,1,2,0,0,6,0,6,4,2
M1K,43.72954119318182,-79.26343167613636,2,2,1,1,0,0,1,2,0,1,1,1,1,2,0,1,2,0,0,6,0,6,4,2
M1K,43.72954119318182,-79.26343167613636,2,2,1,1,0,0,1,2,0,1,1,1,1,2,0,1,2,0,0,6,0,6,4,2
M1K,43.72954119318182,-79.26343167613636,2,2,1,1,0,0,1,2,0,1,1,1,1,2,0,1,2,0,0,6,0,6,4,2
M1K,43.72954119318182,-79.26343167613636,2,2,1,1,0,0,1,2,0,1,1,1,1,2,0,1,2,0,0,6,0,6,4,2
M1K,43.72954119318182,-79.26343167613636,2,2,1,1,0,0,1,2,0,1,1,1,1,2,0,1,2,0,0,6,0,6,4,2
M1L,43.70861680672269,-79.2847418487395,2,1,2,0,2,3,0,0,2,1,2,0,0,1,2,0,1,1,3,2,4,1,4,1
M1L,43.70861680672269,-79.2847418487395,2,1,2,0,2,3,0,0,2,1,2,0,0,1,2,0,1,1,3,2,4,1,4,1
M1L,43.70861680672269,-79.2847418487395,2,1,2,0,2,3,0,0,2,1,2,0,0,1,2,0,1,1,3,2,4,1,4,1
M1L,43.70861680672269,-79.2847418487395,2,1,2,0,2,3,0,0,2,1,2,0,0,1,2,0,1,1,3,2,4,1,4,1
M1L,43.70861680672269,-79.2847418487395,2,1,2,0,2,3,0,0,2,1,2,0,0,1,2,0,1,1,3,2,4,1,4,1
M1M,43.72641568228106,-79.23157046843177,0,1,1,0,0,0,0,0,1,1,0,0,0,1,1,0,0,0,1,1,0,2,0,2
M1M,43.72641568228106,-79.23157046843177,0,1,1,0,0,0,0,0,1,1,0,0,0,1,1,0,0,0,1,1,0,2,0,2
M1N,43.69590590476191,-79.26454361904761,3,0,1,0,2,2,1,0,1,2,0,0,1,0,0,1,1,1,0,4,0,4,3,1
M1N,43.69590590476191,-79.26454361904761,3,0,1,0,2,2,1,0,1,2,0,0,1,0,0,1,1,1,0,4,0,4,3,1
M1N,43.69590590476191,-79.26454361904761,3,0,1,0,2,2,1,0,1,2,0,0,1,0,0,1,1,1,0,4,0,4,3,1
M1N,43.69590590476191,-79.26454361904761,3,0,1,0,2,2,1,0,1,2,0,0,1,0,0,1,1,1,0,4,0,4,3,1
M1P,43.759856691729325,-79.27065879699248,1,2,1,0,2,2,1,0,0,1,1,1,2,0,1,0,1,0,2,2,2,2,3,1
M1P,43.759856691729325,-79.27065879699248,1,2,1,0,2,2,1,0,0,1,1,1,2,0,1,0,1,0,2,2,2,2,3,1
M1P,43.759856691729325,-79.27065879699248,1,2,1,0,2,2,1,0,0,1,1,1,2,0,1,0,1,0,2,2,2,2,3,1
M1P,43.759856691729325,-79.27065879699248,1,2,1,0,2,2,1,0,0,1,1,1,2,0,1,0,1,0,2,2,2,2,3,1
M1R,43.749765967016494,-79.30276491754123,0,0,0,0,0,0,0,0,0,0,0,0,1,0,0,0,0,1,0,2,1,1,1,1
M1R,43.749765967016494,-79.30276491754123,0,0,0,0,0,0,0,0,0,0,0,0,1,0,0,0,0,1,0,2,1,1,1,1
M1S,43.7938,-79.26925745937962,3,0,0,2,4,1,1,1,0,1,2,0,2,0,1,2,0,0,0,5,0,5,4,1
M1S,43.7938,-79.26925745937962,3,0,0,2,4,1,1,1,0,1,2,0,2,0,1,2,0,0,0,5,0,5,4,1
M1S,43.7938,-79.26925745937962,3,0,0,2,4,1,1,1,0,1,2,0,2,0,1,2,0,0,0,5,0,5,4,1
M1S,43.7938,-79.26925745937962,3,0,0,2,4,1,1,1,0,1,2,0,2,0,1,2,0,0,0,5,0,5,4,1
M1S,43.7938,-79.26925745937962,3,0,0,2,4,1,1,1,0,1,2,0,2,0,1,2,0,0,0,5,0,5,4,1
M1T,43.781439285714285,-79.30375420168068,1,1,3,1,4,2,1,1,0,0,0,4,2,0,0,1,2,1,5,1,5,1,4,2
M1T,43.781439285714285,-79.30375420168068,1,1,3,1,4,2,1,1,0,0,0,4,2,0,0,1,2,1,5,1,5,1,4,2
M1T,43.781439285714285,-79.30375420168068,1,1,3,1,4,2,1,1,0,0,0,4,2,0,0,1,2,1,5,1,5,1,4,2
M1T,43.781439285714285,-79.30375420168068,1,1,3,1,4,2,1,1,0,0,0,4,2,0,0,1,2,1,5,1,5,1,4,2
M1T,43.781439285714285,-79.30375420168068,1,1,3,1,4,2,1,1,0,0,0,4,2,0,0,1,2,1,5,1,5,1,4,2
M1T,43.781439285714285,-79.30375420168068,1,1,3,1,4,2,1,1,0,0,0,4,2,0,0,1,2,1,5,1,5,1,4,2
M1V,43.817141327913276,-79.28235054200542,0,1,1,1,2,1,0,0,1,0,1,1,1,1,0,0,1,0,2,1,0,3,1,2
M1V,43.817141327913276,-79.28235054200542,0,1,1,1,2,1,0,0,1,0,1,1,1,1,0,0,1,0,2,1,0,3,1,2
M1V,43.817141327913276,-79.28235054200542,0,1,1,1,2,1,0,0,1,0,1,1,1,1,0,0,1,0,2,1,0,3,1,2
M1W,43.79980764705882,-79.32082352941177,2,1,3,2,3,5,1,0,0,1,5,1,2,1,0,0,2,3,6,2,7,1,5,3
M1W,43.79980764705882,-79.32082352941177,2,1,3,2,3,5,1,0,0,1,5,1,2,1,0,0,2,3,6,2,7,1,5,3
M1W,43.79980764705882,-79.32082352941177,2,1,3,2,3,5,1,0,0,1,5,1,2,1,0,0,2,3,6,2,7,1,5,3
M1W,43.79980764705882,-79.32082352941177,2,1,3,2,3,5,1,0,0,1,5,1,2,1,0,0,2,3,6,2,7,1,5,3
M1W,43.79980764705882,-79.32082352941177,2,1,3,2,3,5,1,0,0,1,5,1,2,1,0,0,2,3,6,2,7,1,5,3
M1W,43.79980764705882,-79.32082352941177,2,1,3,2,3,5,1,0,0,1,5,1,2,1,0,0,2,3,6,2,7,1,5,3
M1W,43.79980764705882,-79.32082352941177,2,1,3,2,3,5,1,0,0,1,5,1,2,1,0,0,2,3,6,2,7,1,5,3
M1W,43.79980764705882,-79.32082352941177,2,1,3,2,3,5,1,0,0,1,5,1,2,1,0,0,2,3,6,2,7,1,5,3
M1X,43.82678957345971,-79.22305165876777,0,0,0,0,0,0,0,0,0,0,0,0,0,0,0,0,0,0,0,1,0,1,0,1
M2H,43.80137431192661,-79.35905160550459,1,0,1,2,0,0,0,0,2,0,2,0,0,1,2,0,0,1,3,1,3,1,3,1
M2H,43.80137431192661,-79.35905160550459,1,0,1,2,0,0,0,0,2,0,2,0,0,1,2,0,0,1,3,1,3,1,3,1
M2H,43.80137431192661,-79.35905160550459,1,0,1,2,0,0,0,0,2,0,2,0,0,1,2,0,0,1,3,1,3,1,3,1
M2H,43.80137431192661,-79.35905160550459,1,0,1,2,0,0,0,0,2,0,2,0,0,1,2,0,0,1,3,1,3,1,3,1
M2J,43.780835285285285,-79.34870900900901,1,3,1,0,3,2,0,0,2,0,2,1,1,1,2,1,0,0,4,1,4,1,4,1
M2J,43.780835285285285,-79.34870900900901,1,3,1,0,3,2,0,0,2,0,2,1,1,1,2,1,0,0,4,1,4,1,4,1
M2J,43.780835285285285,-79.34870900900901,1,3,1,0,3,2,0,0,2,0,2,1,1,1,2,1,0,0,4,1,4,1,4,1
M2J,43.780835285285285,-79.34870900900901,1,3,1,0,3,2,0,0,2,0,2,1,1,1,2,1,0,0,4,1,4,1,4,1
M2J,43.780835285285285,-79.34870900900901,1,3,1,0,3,2,0,0,2,0,2,1,1,1,2,1,0,0,4,1,4,1,4,1
M2K,43.777621764705884,-79.38304558823529,1,2,0,0,1,2,0,0,0,0,2,1,0,1,1,0,0,1,0,3,0,3,2,1
M2K,43.777621764705884,-79.38304558823529,1,2,0,0,1,2,0,0,0,0,2,1,0,1,1,0,0,1,0,3,0,3,2,1
M2K,43.777621764705884,-79.38304558823529,1,2,0,0,1,2,0,0,0,0,2,1,0,1,1,0,0,1,0,3,0,3,2,1
M2M,43.79135126811594,-79.41114547101449,1,2,0,1,3,1,0,0,0,2,1,1,0,0,0,3,1,0,3,1,0,4,3,1
M2M,43.79135126811594,-79.41114547101449,1,2,0,1,3,1,0,0,0,2,1,1,0,0,0,3,1,0,3,1,0,4,3,1
M2M,43.79135126811594,-79.41114547101449,1,2,0,1,3,1,0,0,0,2,1,1,0,0,0,3,1,0,3,1,0,4,3,1
M2M,43.79135126811594,-79.41114547101449,1,2,0,1,3,1,0,0,0,2,1,1,0,0,0,3,1,0,3,1,0,4,3,1
M2N,43.77093629736116,-79.4132495121774,3,4,2,1,5,5,1,0,1,1,3,4,3,1,1,1,1,3,7,3,9,1,6,4
M2N,43.77093629736116,-79.4132495121774,3,4,2,1,5,5,1,0,1,1,3,4,3,1,1,1,1,3,7,3,9,1,6,4
M2N,43.77093629736116,-79.4132495121774,3,4,2,1,5,5,1,0,1,1,3,4,3,1,1,1,1,3,7,3,9,1,6,4
M2N,43.77093629736116,-79.4132495121774,3,4,2,1,5,5,1,0,1,1,3,4,3,1,1,1,1,3,7,3,9,1,6,4
M2N,43.77093629736116,-79.4132495121774,3,4,2,1,5,5,1,0,1,1,3,4,3,1,1,1,1,3,7,3,9,1,6,4
M2N,43.77093629736116,-79.4132495121774,3,4,2,1,5,5,1,0,1,1,3,4,3,1,1,1,1,3,7,3,9,1,6,4
M2N,43.77093629736116,-79.4132495121774,3,4,2,1,5,5,1,0,1,1,3,4,3,1,1,1,1,3,7,3,9,1,6,4
M2N,43.77093629736116,-79.4132495121774,3,4,2,1,5,5,1,0,1,1,3,4,3,1,1,1,1,3,7,3,9,1,6,4
M2N,43.77093629736116,-79.4132495121774,3,4,2,1,5,5,1,0,1,1,3,4,3,1,1,1,1,3,7,3,9,1,6,4
M2N,43.77093629736116,-79.4132495121774,3,4,2,1,5,5,1,0,1,1,3,4,3,1,1,1,1,3,7,3,9,1,6,4
M2R,43.77913556475642,-79.4442928405029,2,0,1,0,2,1,0,0,0,0,1,2,0,0,0,1,2,0,0,3,0,3,0,3
M2R,43.77913556475642,-79.4442928405029,2,0,1,0,2,1,0,0,0,0,1,2,0,0,0,1,2,0,0,3,0,3,0,3
M2R,43.77913556475642,-79.4442928405029,2,0,1,0,2,1,0,0,0,0,1,2,0,0,0,1,2,0,0,3,0,3,0,3
M3A,43.753432932692306,-79.32782211538462,2,2,2,2,4,4,0,2,0,0,1,5,0,1,3,1,2,1,5,3,5,3,4,4
M3A,43.753432932692306,-79.32782211538462,2,2,2,2,4,4,0,2,0,0,1,5,0,1,3,1,2,1,5,3,5,3,4,4
M3A,43.753432932692306,-79.32782211538462,2,2,2,2,4,4,0,2,0,0,1,5,0,1,3,1,2,1,5,3,5,3,4,4
M3A,43.753432932692306,-79.32782211538462,2,2,2,2,4,4,0,2,0,0,1,5,0,1,3,1,2,1,5,3,5,3,4,4
M3A,43.753432932692306,-79.32782211538462,2,2,2,2,4,4,0,2,0,0,1,5,0,1,3,1,2,1,5,3,5,3,4,4
M3A,43.753432932692306,-79.32782211538462,2,2,2,2,4,4,0,2,0,0,1,5,0,1,3,1,2,1,5,3,5,3,4,4
M3A,43.753432932692306,-79.32782211538462,2,2,2,2,4,4,0,2,0,0,1,5,0,1,3,1,2,1,5,3,5,3,4,4
M3A,43.753432932692306,-79.32782211538462,2,2,2,2,4,4,0,2,0,0,1,5,0,1,3,1,2,1,5,3,5,3,4,4
M3C,43.722655855005605,-79.34073514475693,0,0,0,0,0,0,0,0,0,0,0,0,0,0,0,0,0,0,0,1,0,1,0,1
M3H,43.751692023809525,-79.44606571428571,1,3,1,1,2,4,0,0,1,2,1,2,1,1,1,0,1,2,5,1,4,2,5,1
M3H,43.751692023809525,-79.44606571428571,1,3,1,1,2,4,0,0,1,2,1,2,1,1,1,0,1,2,5,1,4,2,5,1
M3H,43.751692023809525,-79.44606571428571,1,3,1,1,2,4,0,0,1,2,1,2,1,1,1,0,1,2,5,1,4,2,5,1
M3H,43.751692023809525,-79.44606571428571,1,3,1,1,2,4,0,0,1,2,1,2,1,1,1,0,1,2,5,1,4,2,5,1
M3H,43.751692023809525,-79.44606571428571,1,3,1,1,2,4,0,0,1,2,1,2,1,1,1,0,1,2,5,1,4,2,5,1
M3H,43.751692023809525,-79.44606571428571,1,3,1,1,2,4,0,0,1,2,1,2,1,1,1,0,1,2,5,1,4,2,5,1
M3J,43.76175428571429,-79.48934238095238,0,2,1,0,1,2,1,0,1,0,0,1,0,1,1,1,0,0,2,1,2,1,0,3
M3J,43.76175428571429,-79.48934238095238,0,2,1,0,1,2,1,0,1,0,0,1,0,1,1,1,0,0,2,1,2,1,0,3
M3J,43.76175428571429,-79.48934238095238,0,2,1,0,1,2,1,0,1,0,0,1,0,1,1,1,0,0,2,1,2,1,0,3
M3L,43.73590254273471,-79.51381572378213,0,1,0,1,0,0,0,1,0,0,1,0,0,1,0,0,1,0,0,2,0,2,0,2
M3L,43.73590254273471,-79.51381572378213,0,1,0,1,0,0,0,1,0,0,1,0,0,1,0,0,1,0,0,2,0,2,0,2
M3M,43.73026141304348,-79.49459347826087,0,2,1,1,3,1,2,0,0,1,1,0,0,1,1,0,2,0,2,2,2,2,3,1
M3M,43.73026141304348,-79.49459347826087,0,2,1,1,3,1,2,0,0,1,1,0,0,1,1,0,2,0,2,2,2,2,3,1
M3M,43.73026141304348,-79.49459347826087,0,2,1,1,3,1,2,0,0,1,1,0,0,1,1,0,2,0,2,2,2,2,3,1
M3M,43.73026141304348,-79.49459347826087,0,2,1,1,3,1,2,0,0,1,1,0,0,1,1,0,2,0,2,2,2,2,3,1
M3N,43.756459368146075,-79.5212712573707,0,0,0,0,0,0,0,0,0,0,0,0,0,0,0,0,0,0,0,1,0,1,0,1
M4B,43.70696144278607,-79.30692213930348,1,0,0,1,0,0,0,0,1,0,0,1,1,1,0,0,0,0,0,2,0,2,1,1
M4B,43.70696144278607,-79.30692213930348,1,0,0,1,0,0,0,0,1,0,0,1,1,1,0,0,0,0,0,2,0,2,1,1
M4C,43.69050582147477,-79.3123104786546,0,3,1,0,0,0,0,0,0,1,1,2,0,0,1,0,2,1,3,1,3,1,3,1
M4C,43.69050582147477,-79.3123104786546,0,3,1,0,0,0,0,0,0,1,1,2,0,0,1,0,2,1,3,1,3,1,3,1
M4C,43.69050582147477,-79.3123104786546,0,3,1,0,0,0,0,0,0,1,1,2,0,0,1,0,2,1,3,1,3,1,3,1
M4C,43.69050582147477,-79.3123104786546,0,3,1,0,0,0,0,0,0,1,1,2,0,0,1,0,2,1,3,1,3,1,3,1
M4E,43.67816946107784,-79.29493333333333,0,2,1,1,0,0,0,0,0,0,0,0,0,1,2,0,1,0,0,4,0,4,3,1
M4E,43.67816946107784,-79.29493333333333,0,2,1,1,0,0,0,0,0,0,0,0,0,1,2,0,1,0,0,4,0,4,3,1
M4E,43.67816946107784,-79.29493333333333,0,2,1,1,0,0,0,0,0,0,0,0,0,1,2,0,1,0,0,4,0,4,3,1
M4E,43.67816946107784,-79.29493333333333,0,2,1,1,0,0,0,0,0,0,0,0,0,1,2,0,1,0,0,4,0,4,3,1
M4G,43.707170428015566,-79.3689214007782,2,0,1,0,2,1,0,0,0,0,0,0,0,0,1,0,1,1,0,3,0,3,0,3
M4G,43.707170428015566,-79.3689214007782,2,0,1,0,2,1,0,0,0,0,0,0,0,0,1,0,1,1,0,3,0,3,0,3
M4G,43.707170428015566,-79.3689214007782,2,0,1,0,2,1,0,0,0,0,0,0,0,0,1,0,1,1,0,3,0,3,0,3
M4H,43.70490649350649,-79.34642207792207,1,0,0,1,0,0,1,0,0,0,1,0,1,1,0,0,0,0,0,2,0,2,0,2
M4H,43.70490649350649,-79.34642207792207,1,0,0,1,0,0,1,0,0,0,1,0,1,1,0,0,0,0,0,2,0,2,0,2
M4J,43.68589626307922,-79.33692047832587,2,1,1,0,2,2,0,0,2,0,0,2,1,1,0,1,0,1,3,1,0,4,0,4
M4J,43.68589626307922,-79.33692047832587,2,1,1,0,2,2,0,0,2,0,0,2,1,1,0,1,0,1,3,1,0,4,0,4
M4J,43.68589626307922,-79.33692047832587,2,1,1,0,2,2,0,0,2,0,0,2,1,1,0,1,0,1,3,1,0,4,0,4
M4J,43.68589626307922,-79.33692047832587,2,1,1,0,2,2,0,0,2,0,0,2,1,1,0,1,0,1,3,1,0,4,0,4
M4K,43.68007696969697,-79.35135535353535,1,2,0,1,3,1,0,0,0,0,1,3,0,0,1,1,1,1,0,4,0,4,0,4
M4K,43.68007696969697,-79.35135535353535,1,2,0,1,3,1,0,0,0,0,1,3,0,0,1,1,1,1,0,4,0,4,0,4
M4K,43.68007696969697,-79.35135535353535,1,2,0,1,3,1,0,0,0,0,1,3,0,0,1,1,1,1,0,4,0,4,0,4
M4K,43.68007696969697,-79.35135535353535,1,2,0,1,3,1,0,0,0,0,1,3,0,0,1,1,1,1,0,4,0,4,0,4
M4L,43.67071603206413,-79.3173877755511,2,1,1,1,2,3,1,0,0,0,2,2,0,0,2,0,1,2,0,5,0,5,4,1
M4L,43.67071603206413,-79.3173877755511,2,1,1,1,2,3,1,0,0,0,2,2,0,0,2,0,1,2,0,5,0,5,4,1
M4L,43.67071603206413,-79.3173877755511,2,1,1,1,2,3,1,0,0,0,2,2,0,0,2,0,1,2,0,5,0,5,4,1
M4L,43.67071603206413,-79.3173877755511,2,1,1,1,2,3,1,0,0,0,2,2,0,0,2,0,1,2,0,5,0,5,4,1
M4L,43.67071603206413,-79.3173877755511,2,1,1,1,2,3,1,0,0,0,2,2,0,0,2,0,1,2,0,5,0,5,4,1
M4M,43.66229733656174,-79.34445012106538,0,1,3,0,0,0,0,0,0,0,1,3,0,0,1,0,1,2,0,4,3,1,3,1
M4M,43.66229733656174,-79.34445012106538,0,1,3,0,0,0,0,0,0,0,1,3,0,0,1,0,1,2,0,4,3,1,3,1
M4M,43.66229733656174,-79.34445012106538,0,1,3,0,0,0,0,0,0,0,1,3,0,0,1,0,1,2,0,4,3,1,3,1
M4M,43.66229733656174,-79.34445012106538,0,1,3,0,0,0,0,0,0,0,1,3,0,0,1,0,1,2,0,4,3,1,3,1
M4N,43.72648594104309,-79.39430793650794,0,0,2,1,2,1,0,0,0,0,2,1,0,0,1,0,0,2,1,2,1,2,2,1
M4N,43.72648594104309,-79.39430793650794,0,0,2,1,2,1,0,0,0,0,2,1,0,0,1,0,0,2,1,2,1,2,2,1
M4N,43.72648594104309,-79.39430793650794,0,0,2,1,2,1,0,0,0,0,2,1,0,0,1,0,0,2,1,2,1,2,2,1
M4P,43.71078974358974,-79.38984725274726,1,2,0,0,1,2,0,0,0,1,1,1,1,2,0,0,0,0,2,1,0,3,0,3
M4P,43.71078974358974,-79.38984725274726,1,2,0,0,1,2,0,0,0,1,1,1,1,2,0,0,0,0,2,1,0,3,0,3
M4P,43.71078974358974,-79.38984725274726,1,2,0,0,1,2,0,0,0,1,1,1,1,2,0,0,0,0,2,1,0,3,0,3
M4S,43.702859705882354,-79.38756647058824,2,2,0,1,4,1,0,0,0,0,2,3,0,1,3,0,0,1,4,1,4,1,4,1
M4S,43.702859705882354,-79.38756647058824,2,2,0,1,4,1,0,0,0,0,2,3,0,1,3,0,0,1,4,1,4,1,4,1
M4S,43.702859705882354,-79.38756647058824,2,2,0,1,4,1,0,0,0,0,2,3,0,1,3,0,0,1,4,1,4,1,4,1
M4S,43.702859705882354,-79.38756647058824,2,2,0,1,4,1,0,0,0,0,2,3,0,1,3,0,0,1,4,1,4,1,4,1
M4S,43.702859705882354,-79.38756647058824,2,2,0,1,4,1,0,0,0,0,2,3,0,1,3,0,0,1,4,1,4,1,4,1
M4T,43.68877572016461,-79.38701769547325,0,1,0,1,1,1,0,0,0,0,1,1,0,0,1,1,0,0,0,2,0,2,0,2
M4T,43.68877572016461,-79.38701769547325,0,1,0,1,1,1,0,0,0,0,1,1,0,0,1,1,0,0,0,2,0,2,0,2
M4V,43.685906344410874,-79.40300936555892,0,0,0,0,0,0,0,0,0,0,0,0,0,0,0,0,0,0,0,1,0,1,0,1
M4W,43.677362058823526,-79.38089058823529,0,0,0,0,0,0,0,0,0,0,0,0,0,0,0,0,0,0,0,1,0,1,0,1
M4X,43.66807532467533,-79.36965584415584,1,1,2,1,4,1,0,0,0,0,2,3,0,0,2,1,2,0,0,5,0,5,0,5
M4X,43.66807532467533,-79.36965584415584,1,1,2,1,4,1,0,0,0,0,2,3,0,0,2,1,2,0,0,5,0,5,0,5
M4X,43.66807532467533,-79.36965584415584,1,1,2,1,4,1,0,0,0,0,2,3,0,0,2,1,2,0,0,5,0,5,0,5
M4X,43.66807532467533,-79.36965584415584,1,1,2,1,4,1,0,0,0,0,2,3,0,0,2,1,2,0,0,5,0,5,0,5
M4X,43.66807532467533,-79.36965584415584,1,1,2,1,4,1,0,0,0,0,2,3,0,0,2,1,2,0,0,5,0,5,0,5
M4Y,43.66762107279693,-79.3829264367816,1,1,1,0,0,0,0,0,0,0,0,0,0,0,2,0,1,0,1,2,1,2,0,3
M4Y,43.66762107279693,-79.3829264367816,1,1,1,0,0,0,0,0,0,0,0,0,0,0,2,0,1,0,1,2,1,2,0,3
M4Y,43.66762107279693,-79.3829264367816,1,1,1,0,0,0,0,0,0,0,0,0,0,0,2,0,1,0,1,2,1,2,0,3
M5A,43.65592982171799,-79.36545024311184,2,2,0,0,2,2,0,0,3,0,1,0,0,2,0,0,1,1,3,1,0,4,3,1
M5A,43.65592982171799,-79.36545024311184,2,2,0,0,2,2,0,0,3,0,1,0,0,2,0,0,1,1,3,1,0,4,3,1
M5A,43.65592982171799,-79.36545024311184,2,2,0,0,2,2,0,0,3,0,1,0,0,2,0,0,1,1,3,1,0,4,3,1
M5A,43.65592982171799,-79.36545024311184,2,2,0,0,2,2,0,0,3,0,1,0,0,2,0,0,1,1,3,1,0,4,3,1
M5B,43.65920795454546,-79.37883125,0,0,0,0,1,1,0,0,0,0,0,0,0,0,0,1,1,0,0,2,0,2,1,1
M5B,43.65920795454546,-79.37883125,0,0,0,0,1,1,0,0,0,0,0,0,0,0,0,1,1,0,0,2,0,2,1,1
M5C,43.651528125,-79.37619609375,1,0,1,0,1,1,0,1,0,0,0,1,0,0,0,1,0,1,1,1,1,1,0,2
M5C,43.651528125,-79.37619609375,1,0,1,0,1,1,0,1,0,0,0,1,0,0,0,1,0,1,1,1,1,1,0,2
M5E,43.648779545454545,-79.3747625,0,0,0,0,0,0,0,0,0,0,0,0,0,0,0,0,0,0,0,1,0,1,0,1
M5H,43.64958306451613,-79.38497338709678,0,0,0,0,1,1,0,0,0,0,1,1,0,0,0,1,0,1,1,1,1,1,1,1
M5H,43.64958306451613,-79.38497338709678,0,0,0,0,1,1,0,0,0,0,1,1,0,0,0,1,0,1,1,1,1,1,1,1
M5J,43.640783516483516,-79.37925714285714,0,0,0,0,0,0,0,0,0,0,0,0,0,0,0,0,0,0,0,1,0,1,0,1
M5M,43.731749743589745,-79.41785384615385,2,1,1,0,2,2,0,0,0,1,1,2,0,0,1,1,1,1,3,1,0,4,0,4
M5M,43.731749743589745,-79.41785384615385,2,1,1,0,2,2,0,0,0,1,1,2,0,0,1,1,1,1,3,1,0,4,0,4
M5M,43.731749743589745,-79.41785384615385,2,1,1,0,2,2,0,0,0,1,1,2,0,0,1,1,1,1,3,1,0,4,0,4
M5M,43.731749743589745,-79.41785384615385,2,1,1,0,2,2,0,0,0,1,1,2,0,0,1,1,1,1,3,1,0,4,0,4
M5N,43.71100062305296,-79.41883800623053,0,0,0,0,1,1,0,0,0,0,0,0,0,0,1,0,1,0,1,1,1,1,1,1
M5N,43.71100062305296,-79.41883800623053,0,0,0,0,1,1,0,0,0,0,0,0,0,0,1,0,1,0,1,1,1,1,1,1
M5P,43.69642278177458,-79.41217841726619,0,0,0,0,0,0,0,0,0,0,0,0,0,0,0,0,0,0,0,1,0,1,0,1
M5R,43.67374619164619,-79.40216658476659,1,1,0,0,1,1,0,0,0,0,1,1,0,0,0,1,1,0,0,2,0,2,0,2
M5R,43.67374619164619,-79.40216658476659,1,1,0,0,1,1,0,0,0,0,1,1,0,0,0,1,1,0,0,2,0,2,0,2
M5S,43.664096261682246,-79.3990862928349,1,2,1,0,0,0,0,0,0,0,3,1,0,0,1,1,2,0,2,2,2,2,1,3
M5S,43.664096261682246,-79.3990862928349,1,2,1,0,0,0,0,0,0,0,3,1,0,0,1,1,2,0,2,2,2,2,1,3
M5S,43.664096261682246,-79.3990862928349,1,2,1,0,0,0,0,0,0,0,3,1,0,0,1,1,2,0,2,2,2,2,1,3
M5S,43.664096261682246,-79.3990862928349,1,2,1,0,0,0,0,0,0,0,3,1,0,0,1,1,2,0,2,2,2,2,1,3
M5T,43.65352926136364,-79.39800142045455,1,1,0,0,1,1,0,1,0,0,0,1,0,0,1,1,0,0,1,1,0,2,1,1
M5T,43.65352926136364,-79.39800142045455,1,1,0,0,1,1,0,1,0,0,0,1,0,0,1,1,0,0,1,1,0,2,1,1
M5V,43.645242558139536,-79.39588325581396,2,4,1,1,5,3,1,0,0,0,1,6,1,1,0,1,2,3,0,8,0,8,5,3
M5V,43.645242558139536,-79.39588325581396,2,4,1,1,5,3,1,0,0,0,1,6,1,1,0,1,2,3,0,8,0,8,5,3
M5V,43.645242558139536,-79.39588325581396,2,4,1,1,5,3,1,0,0,0,1,6,1,1,0,1,2,3,0,8,0,8,5,3
M5V,43.645242558139536,-79.39588325581396,2,4,1,1,5,3,1,0,0,0,1,6,1,1,0,1,2,3,0,8,0,8,5,3
M5V,43.645242558139536,-79.39588325581396,2,4,1,1,5,3,1,0,0,0,1,6,1,1,0,1,2,3,0,8,0,8,5,3
M5V,43.645242558139536,-79.39588325581396,2,4,1,1,5,3,1,0,0,0,1,6,1,1,0,1,2,3,0,8,0,8,5,3
M5V,43.645242558139536,-79.39588325581396,2,4,1,1,5,3,1,0,0,0,1,6,1,1,0,1,2,3,0,8,0,8,5,3
M5V,43.645242558139536,-79.39588325581396,2,4,1,1,5,3,1,0,0,0,1,6,1,1,0,1,2,3,0,8,0,8,5,3
M6A,43.722510447761195,-79.4445943283582,2,0,0,1,1,2,1,0,0,0,1,1,2,1,0,0,0,0,0,3,0,3,1,2
M6A,43.722510447761195,-79.4445943283582,2,0,0,1,1,2,1,0,0,0,1,1,2,1,0,0,0,0,0,3,0,3,1,2
M6A,43.722510447761195,-79.4445943283582,2,0,0,1,1,2,1,0,0,0,1,1,2,1,0,0,0,0,0,3,0,3,1,2
M6B,43.70780555555555,-79.44433037037037,1,1,1,0,0,0,2,0,0,0,1,0,0,0,1,0,1,1,0,3,1,2,2,1
M6B,43.70780555555555,-79.44433037037037,1,1,1,0,0,0,2,0,0,0,1,0,0,0,1,0,1,1,0,3,1,2,2,1
M6B,43.70780555555555,-79.44433037037037,1,1,1,0,0,0,2,0,0,0,1,0,0,0,1,0,1,1,0,3,1,2,2,1
M6C,43.69140077821012,-79.43039299610895,0,0,0,0,0,0,0,0,0,0,0,0,0,0,0,0,0,0,0,1,0,1,0,1
M6E,43.68857480680062,-79.44929582689335,1,3,0,0,2,2,0,1,0,0,2,1,0,0,1,2,0,1,0,4,3,1,0,4
M6E,43.68857480680062,-79.44929582689335,1,3,0,0,2,2,0,1,0,0,2,1,0,0,1,2,0,1,0,4,3,1,0,4
M6E,43.68857480680062,-79.44929582689335,1,3,0,0,2,2,0,1,0,0,2,1,0,0,1,2,0,1,0,4,3,1,0,4
M6E,43.68857480680062,-79.44929582689335,1,3,0,0,2,2,0,1,0,0,2,1,0,0,1,2,0,1,0,4,3,1,0,4
M6G,43.6680344488189,-79.42075807086614,0,0,0,0,0,0,0,0,0,1,1,0,0,0,0,0,1,1,0,2,0,2,0,2
M6G,43.6680344488189,-79.42075807086614,0,0,0,0,0,0,0,0,0,1,1,0,0,0,0,0,1,1,0,2,0,2,0,2
M6H,43.66518602150538,-79.43651397849462,2,5,2,1,3,7,0,0,2,1,6,1,2,4,2,1,1,0,9,1,0,10,9,1
M6H,43.66518602150538,-79.43651397849462,2,5,2,1,3,7,0,0,2,1,6,1,2,4,2,1,1,0,9,1,0,10,9,1
M6H,43.66518602150538,-79.43651397849462,2,5,2,1,3,7,0,0,2,1,6,1,2,4,2,1,1,0,9,1,0,10,9,1
M6H,43.66518602150538,-79.43651397849462,2,5,2,1,3,7,0,0,2,1,6,1,2,4,2,1,1,0,9,1,0,10,9,1
M6H,43.66518602150538,-79.43651397849462,2,5,2,1,3,7,0,0,2,1,6,1,2,4,2,1,1,0,9,1,0,10,9,1
M6H,43.66518602150538,-79.43651397849462,2,5,2,1,3,7,0,0,2,1,6,1,2,4,2,1,1,0,9,1,0,10,9,1
M6H,43.66518602150538,-79.43651397849462,2,5,2,1,3,7,0,0,2,1,6,1,2,4,2,1,1,0,9,1,0,10,9,1
M6H,43.66518602150538,-79.43651397849462,2,5,2,1,3,7,0,0,2,1,6,1,2,4,2,1,1,0,9,1,0,10,9,1
M6H,43.66518602150538,-79.43651397849462,2,5,2,1,3,7,0,0,2,1,6,1,2,4,2,1,1,0,9,1,0,10,9,1
M6H,43.66518602150538,-79.43651397849462,2,5,2,1,3,7,0,0,2,1,6,1,2,4,2,1,1,0,9,1,0,10,9,1
M6J,43.648109684210525,-79.41716421052631,2,2,2,1,3,4,0,0,1,0,3,3,0,1,0,0,2,4,4,3,6,1,5,2
M6J,43.648109684210525,-79.41716421052631,2,2,2,1,3,4,0,0,1,0,3,3,0,1,0,0,2,4,4,3,6,1,5,2
M6J,43.648109684210525,-79.41716421052631,2,2,2,1,3,4,0,0,1,0,3,3,0,1,0,0,2,4,4,3,6,1,5,2
M6J,43.648109684210525,-79.41716421052631,2,2,2,1,3,4,0,0,1,0,3,3,0,1,0,0,2,4,4,3,6,1,5,2
M6J,43.648109684210525,-79.41716421052631,2,2,2,1,3,4,0,0,1,0,3,3,0,1,0,0,2,4,4,3,6,1,5,2
M6J,43.648109684210525,-79.41716421052631,2,2,2,1,3,4,0,0,1,0,3,3,0,1,0,0,2,4,4,3,6,1,5,2
M6J,43.648109684210525,-79.41716421052631,2,2,2,1,3,4,0,0,1,0,3,3,0,1,0,0,2,4,4,3,6,1,5,2
M6K,43.642249653579675,-79.42839953810623,1,2,0,0,2,1,0,0,1,1,0,1,1,0,0,1,0,1,0,3,0,3,0,3
M6K,43.642249653579675,-79.42839953810623,1,2,0,0,2,1,0,0,1,1,0,1,1,0,0,1,0,1,0,3,0,3,0,3
M6K,43.642249653579675,-79.42839953810623,1,2,0,0,2,1,0,0,1,1,0,1,1,0,0,1,0,1,0,3,0,3,0,3
M6L,43.71341940700809,-79.48777897574124,1,1,2,0,2,2,1,1,0,1,0,1,1,0,1,0,0,2,0,4,0,4,1,3
M6L,43.71341940700809,-79.48777897574124,1,1,2,0,2,2,1,1,0,1,0,1,1,0,1,0,0,2,0,4,0,4,1,3
M6L,43.71341940700809,-79.48777897574124,1,1,2,0,2,2,1,1,0,1,0,1,1,0,1,0,0,2,0,4,0,4,1,3
M6L,43.71341940700809,-79.48777897574124,1,1,2,0,2,2,1,1,0,1,0,1,1,0,1,0,0,2,0,4,0,4,1,3
M6M,43.692451457725944,-79.48036209912536,1,1,2,2,3,3,3,0,1,2,0,0,2,2,2,0,0,0,5,1,5,1,3,3
M6M,43.692451457725944,-79.48036209912536,1,1,2,2,3,3,3,0,1,2,0,0,2,2,2,0,0,0,5,1,5,1,3,3
M6M,43.692451457725944,-79.48036209912536,1,1,2,2,3,3,3,0,1,2,0,0,2,2,2,0,0,0,5,1,5,1,3,3
M6M,43.692451457725944,-79.48036209912536,1,1,2,2,3,3,3,0,1,2,0,0,2,2,2,0,0,0,5,1,5,1,3,3
M6M,43.692451457725944,-79.48036209912536,1,1,2,2,3,3,3,0,1,2,0,0,2,2,2,0,0,0,5,1,5,1,3,3
M6M,43.692451457725944,-79.48036209912536,1,1,2,2,3,3,3,0,1,2,0,0,2,2,2,0,0,0,5,1,5,1,3,3
M6N,43.675979015918955,-79.47841664254703,1,3,1,0,3,2,0,0,2,0,3,0,0,2,1,1,0,1,3,2,3,2,4,1
M6N,43.675979015918955,-79.47841664254703,1,3,1,0,3,2,0,0,2,0,3,0,0,2,1,1,0,1,3,2,3,2,4,1
M6N,43.675979015918955,-79.47841664254703,1,3,1,0,3,2,0,0,2,0,3,0,0,2,1,1,0,1,3,2,3,2,4,1
M6N,43.675979015918955,-79.47841664254703,1,3,1,0,3,2,0,0,2,0,3,0,0,2,1,1,0,1,3,2,3,2,4,1
M6N,43.675979015918955,-79.47841664254703,1,3,1,0,3,2,0,0,2,0,3,0,0,2,1,1,0,1,3,2,3,2,4,1
M6P,43.66061819923372,-79.46277662835249,0,2,2,0,2,2,0,1,0,0,1,2,1,0,0,1,2,0,3,1,0,4,2,2
M6P,43.66061819923372,-79.46277662835249,0,2,2,0,2,2,0,1,0,0,1,2,1,0,0,1,2,0,3,1,0,4,2,2
M6P,43.66061819923372,-79.46277662835249,0,2,2,0,2,2,0,1,0,0,1,2,1,0,0,1,2,0,3,1,0,4,2,2
M6P,43.66061819923372,-79.46277662835249,0,2,2,0,2,2,0,1,0,0,1,2,1,0,0,1,2,0,3,1,0,4,2,2
M6R,43.64681527377522,-79.44902536023055,0,0,0,0,0,0,0,0,0,0,0,0,0,0,0,0,0,0,0,1,0,1,0,1
M6S,43.65358847926267,-79.48377465437788,2,2,1,2,2,5,1,0,0,1,1,4,1,1,1,1,2,1,6,1,0,7,6,1
M6S,43.65358847926267,-79.48377465437788,2,2,1,2,2,5,1,0,0,1,1,4,1,1,1,1,2,1,6,1,0,7,6,1
M6S,43.65358847926267,-79.48377465437788,2,2,1,2,2,5,1,0,0,1,1,4,1,1,1,1,2,1,6,1,0,7,6,1
M6S,43.65358847926267,-79.48377465437788,2,2,1,2,2,5,1,0,0,1,1,4,1,1,1,1,2,1,6,1,0,7,6,1
M6S,43.65358847926267,-79.48377465437788,2,2,1,2,2,5,1,0,0,1,1,4,1,1,1,1,2,1,6,1,0,7,6,1
M6S,43.65358847926267,-79.48377465437788,2,2,1,2,2,5,1,0,0,1,1,4,1,1,1,1,2,1,6,1,0,7,6,1
M6S,43.65358847926267,-79.48377465437788,2,2,1,2,2,5,1,0,0,1,1,4,1,1,1,1,2,1,6,1,0,7,6,1
M8V,43.60713299595142,-79.49970870445344,1,1,2,1,2,3,1,0,0,0,0,4,2,0,0,1,1,1,0,5,0,5,0,5
M8V,43.60713299595142,-79.49970870445344,1,1,2,1,2,3,1,0,0,0,0,4,2,0,0,1,1,1,0,5,0,5,0,5
M8V,43.60713299595142,-79.49970870445344,1,1,2,1,2,3,1,0,0,0,0,4,2,0,0,1,1,1,0,5,0,5,0,5
M8V,43.60713299595142,-79.49970870445344,1,1,2,1,2,3,1,0,0,0,0,4,2,0,0,1,1,1,0,5,0,5,0,5
M8V,43.60713299595142,-79.49970870445344,1,1,2,1,2,3,1,0,0,0,0,4,2,0,0,1,1,1,0,5,0,5,0,5
M8X,43.652589206349205,-79.51028603174603,1,1,1,2,3,2,0,0,0,2,3,0,0,1,0,2,1,1,0,5,0,5,3,2
M8X,43.652589206349205,-79.51028603174603,1,1,1,2,3,2,0,0,0,2,3,0,0,1,0,2,1,1,0,5,0,5,3,2
M8X,43.652589206349205,-79.51028603174603,1,1,1,2,3,2,0,0,0,2,3,0,0,1,0,2,1,1,0,5,0,5,3,2
M8X,43.652589206349205,-79.51028603174603,1,1,1,2,3,2,0,0,0,2,3,0,0,1,0,2,1,1,0,5,0,5,3,2
M8X,43.652589206349205,-79.51028603174603,1,1,1,2,3,2,0,0,0,2,3,0,0,1,0,2,1,1,0,5,0,5,3,2
M8Y,43.633835401459855,-79.49728375912409,1,2,0,0,1,2,0,0,0,0,2,1,0,0,1,1,0,1,0,3,0,3,2,1
M8Y,43.633835401459855,-79.49728375912409,1,2,0,0,1,2,0,0,0,0,2,1,0,0,1,1,0,1,0,3,0,3,2,1
M8Y,43.633835401459855,-79.49728375912409,1,2,0,0,1,2,0,0,0,0,2,1,0,0,1,1,0,1,0,3,0,3,2,1
M8Z,43.629395088676674,-79.51791950886766,0,0,0,0,0,0,0,0,0,0,0,0,0,0,0,0,0,0,0,1,0,1,0,1
M9A,43.664903851444294,-79.52885887207702,1,0,2,0,0,0,0,0,0,0,0,0,0,0,0,1,0,2,0,3,0,3,0,3
M9A,43.664903851444294,-79.52885887207702,1,0,2,0,0,0,0,0,0,0,0,0,0,0,0,1,0,2,0,3,0,3,0,3
M9A,43.664903851444294,-79.52885887207702,1,0,2,0,0,0,0,0,0,0,0,0,0,0,0,1,0,2,0,3,0,3,0,3
M9B,43.65269844444445,-79.55209455555556,0,1,2,0,0,0,0,0,0,0,2,1,0,0,0,0,1,2,2,1,2,1,0,3
M9B,43.65269844444445,-79.55209455555556,0,1,2,0,0,0,0,0,0,0,2,1,0,0,0,0,1,2,2,1,2,1,0,3
M9B,43.65269844444445,-79.55209455555556,0,1,2,0,0,0,0,0,0,0,2,1,0,0,0,0,1,2,2,1,2,1,0,3
M9C,43.64515223274695,-79.5740550744249,3,1,1,2,2,5,0,0,0,1,6,0,1,1,1,2,2,0,5,2,6,1,6,1
M9C,43.64515223274695,-79.5740550744249,3,1,1,2,2,5,0,0,0,1,6,0,1,1,1,2,2,0,5,2,6,1,6,1
M9C,43.64515223274695,-79.5740550744249,3,1,1,2,2,5,0,0,0,1,6,0,1,1,1,2,2,0,5,2,6,1,6,1
M9C,43.64515223274695,-79.5740550744249,3,1,1,2,2,5,0,0,0,1,6,0,1,1,1,2,2,0,5,2,6,1,6,1
M9C,43.64515223274695,-79.5740550744249,3,1,1,2,2,5,0,0,0,1,6,0,1,1,1,2,2,0,5,2,6,1,6,1
M9C,43.64515223274695,-79.5740550744249,3,1,1,2,2,5,0,0,0,1,6,0,1,1,1,2,2,0,5,2,6,1,6,1
M9C,43.64515223274695,-79.5740550744249,3,1,1,2,2,5,0,0,0,1,6,0,1,1,1,2,2,0,5,2,6,1,6,1
M9L,43.75796708074534,-79.56021863354037,2,0,2,0,1,3,0,0,0,1,3,0,2,0,0,0,1,1,0,4,3,1,3,1
M9L,43.75796708074534,-79.56021863354037,2,0,2,0,1,3,0,0,0,1,3,0,2,0,0,0,1,1,0,4,3,1,3,1
M9L,43.75796708074534,-79.56021863354037,2,0,2,0,1,3,0,0,0,1,3,0,2,0,0,0,1,1,0,4,3,1,3,1
M9L,43.75796708074534,-79.56021863354037,2,0,2,0,1,3,0,0,0,1,3,0,2,0,0,0,1,1,0,4,3,1,3,1
M9M,43.734723867069484,-79.53998580060423,0,0,0,0,0,0,0,0,0,0,0,0,0,0,0,0,0,0,0,1,0,1,0,1
M9N,43.70638017817372,-79.51616414253897,0,0,0,0,0,0,0,0,0,0,0,0,0,0,0,0,0,0,0,1,0,1,0,1
M9P,43.692890889370936,-79.53069023861171,0,0,0,0,0,0,0,0,0,0,0,0,0,0,0,0,0,0,0,1,0,1,0,1
M9R,43.68821182994455,-79.55417781885397,1,0,1,1,1,2,1,0,0,0,2,0,0,0,0,1,2,0,0,3,0,3,2,1
M9R,43.68821182994455,-79.55417781885397,1,0,1,1,1,2,1,0,0,0,2,0,0,0,0,1,2,0,0,3,0,3,2,1
M9R,43.68821182994455,-79.55417781885397,1,0,1,1,1,2,1,0,0,0,2,0,0,0,0,1,2,0,0,3,0,3,2,1
M9V,43.74254979079498,-79.58461603905161,3,2,2,0,3,4,1,0,2,1,2,1,0,0,4,2,1,0,0,7,0,7,4,3
M9V,43.74254979079498,-79.58461603905161,3,2,2,0,3,4,1,0,2,1,2,1,0,0,4,2,1,0,0,7,0,7,4,3
M9V,43.74254979079498,-79.58461603905161,3,2,2,0,3,4,1,0,2,1,2,1,0,0,4,2,1,0,0,7,0,7,4,3
M9V,43.74254979079498,-79.58461603905161,3,2,2,0,3,4,1,0,2,1,2,1,0,0,4,2,1,0,0,7,0,7,4,3
M9V,43.74254979079498,-79.58461603905161,3,2,2,0,3,4,1,0,2,1,2,1,0,0,4,2,1,0,0,7,0,7,4,3
M9V,43.74254979079498,-79.58461603905161,3,2,2,0,3,4,1,0,2,1,2,1,0,0,4,2,1,0,0,7,0,7,4,3
M9V,43.74254979079498,-79.58461603905161,3,2,2,0,3,4,1,0,2,1,2,1,0,0,4,2,1,0,0,7,0,7,4,3
M9W,43.718602400835074,-79.57956252609603,2,2,2,1,4,3,0,1,3,1,0,2,0,2,2,3,0,0,0,7,6,1,5,2
M9W,43.718602400835074,-79.57956252609603,2,2,2,1,4,3,0,1,3,1,0,2,0,2,2,3,0,0,0,7,6,1,5,2
M9W,43.718602400835074,-79.57956252609603,2,2,2,1,4,3,0,1,3,1,0,2,0,2,2,3,0,0,0,7,6,1,5,2
M9W,43.718602400835074,-79.57956252609603,2,2,2,1,4,3,0,1,3,1,0,2,0,2,2,3,0,0,0,7,6,1,5,2
M9W,43.718602400835074,-79.57956252609603,2,2,2,1,4,3,0,1,3,1,0,2,0,2,2,3,0,0,0,7,6,1,5,2
M9W,43.718602400835074,-79.57956252609603,2,2,2,1,4,3,0,1,3,1,0,2,0,2,2,3,0,0,0,7,6,1,5,2
M9W,43.718602400835074,-79.57956252609603,2,2,2,1,4,3,0,1,3,1,0,2,0,2,2,3,0,0,0,7,6,1,5,2
